track_name,artist_name,genre,release_year,duration_ms,danceability,energy,loudness,speechiness,acousticness,instrumentalness,valence,tempo,popularity
Rock Track 1,Neon Echo,Rock,2025,206815,0.891,0.857,-6.34,0.009,0.254,0.156,0.53,134.02,83
Classical Track 2,The Midnight Waves,Classical,2025,220101,0.661,0.381,-5.64,0.428,0.282,0.078,0.13,110.41,47
R&B Track 3,The Silver Lines,R&B,2023,158762,0.607,0.554,-7.35,0.244,0.353,0.074,0.635,94.27,67
EDM Track 4,Echo Bloom,EDM,2024,254312,0.664,0.443,-13.52,0.099,0.825,0.237,0.447,,58
Pop Track 5,Zayn Carter,Pop,2015,178498,0.344,0.664,-6.25,0.029,0.464,0.067,0.638,92.58,60
Pop Track 6,Maya Cruz,Pop,2023,176572,0.673,0.534,-9.69,0.301,0.337,0.07,0.812,108.09,64
Pop Track 7,Neon Echo,Pop,2023,214998,0.531,0.724,-12.73,0.188,0.431,0.015,0.803,171.61,83
Indie Track 8,Maya Cruz,Indie,2015,253579,0.856,0.651,-6.39,0.222,0.216,0.27,0.772,127.73,67
EDM Track 9,Ava Stone,EDM,2024,160288,0.8,0.867,-5.2,0.14,0.606,0.012,0.641,107.17,66
R&B Track 10,Neon Echo,R&B,2025,257328,0.398,0.866,-9.35,0.289,0.389,0.394,0.549,138.31,70
Pop Track 11,Nova Lane,Pop,2019,117829,0.884,0.551,-5.0,0.074,0.404,0.328,0.48,99.68,77
Classical Track 12,The Silver Lines,Classical,2024,229880,0.782,0.921,-4.97,0.038,0.668,0.243,0.66,112.27,45
Latin Track 13,Echo Bloom,Latin,2023,164164,0.816,0.768,-7.55,0.227,0.462,0.154,0.166,77.5,62
Pop Track 14,Mila Rose,Pop,2022,179065,0.638,0.437,-5.71,0.143,0.302,0.12,0.526,152.58,51
Pop Track 15,The Midnight Waves,Pop,2024,293205,0.545,0.431,-4.57,0.224,0.407,0.178,0.615,117.16,92
Pop Track 16,Ava Stone,Pop,2019,170533,0.724,0.628,-5.92,0.255,0.264,0.185,0.356,102.35,68
Rock Track 17,Mila Rose,Rock,2024,212469,0.355,0.502,-14.36,0.096,0.396,0.063,0.519,137.59,48
Hip-Hop Track 18,Echo Bloom,Hip-Hop,2020,166998,0.91,0.371,-15.06,0.147,0.098,0.058,0.352,96.85,64
Hip-Hop Track 19,Zayn Carter,Hip-Hop,2024,249613,0.876,0.58,-4.3,0.052,0.155,0.144,0.443,98.31,67
Rock Track 20,Aria Cole,Rock,2021,233402,0.654,0.641,-9.57,0.132,0.557,0.163,0.777,112.9,62
EDM Track 21,Nova Lane,EDM,2017,239741,0.824,0.784,-8.99,0.11,0.275,0.204,0.586,93.26,87
Pop Track 22,Echo Bloom,Pop,2020,265889,0.78,0.46,-1.83,0.019,0.182,0.107,0.458,106.32,74
Rock Track 23,Nova Lane,Rock,2019,199799,0.905,0.639,-9.7,0.142,0.22,0.033,0.447,117.24,55
Rock Track 24,Urban Pulse,Rock,2017,263353,0.94,0.582,-7.92,0.072,0.34,0.204,0.576,119.41,58
Hip-Hop Track 25,Nova Lane,Hip-Hop,2017,282046,0.697,0.857,-7.46,0.076,0.514,0.071,0.642,90.21,74
Latin Track 26,Maya Cruz,Latin,2024,227800,0.508,0.547,-8.14,0.298,0.277,0.245,0.651,116.14,57
Pop Track 27,Urban Pulse,Pop,2025,165217,0.873,0.634,-3.47,0.18,0.443,0.075,0.636,135.94,74
Hip-Hop Track 28,Kai Rivers,Hip-Hop,2025,160777,0.988,0.505,-8.62,0.038,0.037,0.05,0.542,139.94,100
EDM Track 29,Mila Rose,EDM,2025,234902,0.288,0.319,-5.34,0.051,0.361,0.089,0.799,110.06,50
Pop Track 30,Aria Cole,Pop,2024,165188,0.634,0.693,-7.29,0.148,0.147,0.114,0.682,117.47,60
EDM Track 31,Urban Pulse,EDM,2016,154547,0.785,0.745,-4.6,0.151,0.493,0.01,0.147,116.05,61
Pop Track 32,Zayn Carter,Pop,2024,254768,0.247,0.732,-11.62,0.209,0.131,0.26,0.272,88.6,45
Pop Track 33,Ava Stone,Pop,2024,194354,0.716,0.717,-14.26,0.085,0.443,0.393,0.348,109.04,81
Indie Track 34,Echo Bloom,Indie,2017,323873,0.671,0.618,-7.41,0.42,0.17,0.028,0.804,141.11,54
Classical Track 35,Luna Ray,Classical,2023,185414,0.62,0.83,-10.04,0.129,0.28,0.193,0.796,141.49,50
Latin Track 36,Ava Stone,Latin,2021,192619,0.927,0.664,-3.11,0.07,0.224,0.216,0.359,131.89,61
Rock Track 37,Kai Rivers,Rock,2025,231165,0.621,0.611,-7.75,0.403,0.471,0.068,0.889,60.0,48
Pop Track 38,Ava Stone,Pop,2023,224205,0.41,0.647,-6.84,0.161,0.647,0.033,0.564,103.24,63
R&B Track 39,Jay Nova,R&B,2025,211212,0.776,0.665,-8.42,0.04,0.088,0.205,0.388,133.22,63
Hip-Hop Track 40,Zayn Carter,Hip-Hop,2017,210142,0.692,0.839,-9.45,0.082,0.038,0.155,0.814,163.1,60
Pop Track 41,Luna Ray,Pop,2016,360927,0.61,0.576,-7.33,0.015,0.19,0.236,0.657,121.65,68
Hip-Hop Track 42,Urban Pulse,Hip-Hop,2025,289735,0.441,0.755,-4.46,0.148,0.082,0.098,0.4,124.3,73
Pop Track 43,Urban Pulse,Pop,2016,252959,0.468,0.765,-8.44,0.178,0.176,0.092,0.608,119.28,66
Indie Track 44,Urban Pulse,Indie,2020,159856,0.965,0.46,-8.65,0.2,0.145,0.045,0.777,90.64,74
Rock Track 45,Kai Rivers,Rock,2023,211674,0.656,0.624,-5.09,0.13,0.279,0.097,0.492,130.45,82
R&B Track 46,Maya Cruz,R&B,2025,244724,0.858,0.272,-12.55,0.159,0.161,0.158,0.635,85.49,74
Rock Track 47,Mila Rose,Rock,2019,248670,0.639,0.86,-3.93,0.128,0.424,0.135,0.425,119.95,69
Hip-Hop Track 48,Echo Bloom,Hip-Hop,2015,272492,0.523,0.843,-9.92,0.224,0.737,0.282,0.726,124.14,75
EDM Track 49,The Silver Lines,EDM,2022,186148,0.573,0.675,-4.67,0.147,0.285,0.023,0.219,123.18,89
Pop Track 50,The Paper Hearts,Pop,2021,213266,0.802,0.703,-6.62,0.416,0.291,0.199,0.503,90.84,60
Classical Track 51,Mila Rose,Classical,2020,181024,0.913,0.736,-13.75,0.147,0.493,0.061,0.731,104.98,66
Latin Track 52,Kai Rivers,Latin,2025,275064,0.816,0.817,-7.46,0.074,0.579,0.052,0.68,138.53,62
Indie Track 53,The Midnight Waves,Indie,2024,246447,0.641,0.643,-3.56,0.031,0.018,0.129,0.237,123.75,66
Indie Track 54,Zayn Carter,Indie,2025,192170,0.693,0.651,-8.41,0.123,0.282,0.075,0.766,105.14,51
EDM Track 55,Echo Bloom,EDM,2018,225120,0.841,0.775,-8.14,0.139,0.26,0.205,0.582,96.29,82
Indie Track 56,Mila Rose,Indie,2023,217264,0.719,0.748,-9.8,0.144,0.276,0.068,0.503,141.27,67
Pop Track 57,Aria Cole,Pop,2025,175403,0.578,0.911,-3.91,0.129,0.586,0.065,0.511,122.82,86
Pop Track 58,Kai Rivers,Pop,2023,256857,0.729,0.738,-8.89,0.123,0.263,0.016,0.336,94.86,69
Pop Track 59,Jay Nova,Pop,2018,218464,0.877,0.611,-2.13,0.177,0.22,0.142,0.663,117.47,75
Rock Track 60,The Paper Hearts,Rock,2025,191181,0.709,0.765,-4.03,0.045,0.635,0.234,0.947,102.65,66
Hip-Hop Track 61,Jay Nova,Hip-Hop,2022,174630,0.774,0.789,-3.5,0.053,0.445,0.002,0.558,129.23,99
Rock Track 62,Urban Pulse,Rock,2024,253457,0.912,0.858,-7.26,0.103,0.339,0.096,0.642,152.09,80
Latin Track 63,The Paper Hearts,Latin,2017,227066,0.806,0.486,-8.96,0.182,0.439,0.1,0.228,96.06,78
Rock Track 64,Mila Rose,Rock,2023,183741,0.704,0.547,-6.06,0.04,0.079,0.055,0.347,125.77,73
Rock Track 65,Aria Cole,Rock,2025,192597,0.535,0.604,-2.84,0.108,0.157,0.088,0.469,125.34,74
EDM Track 66,Urban Pulse,EDM,2022,215248,0.845,0.772,-2.18,0.358,0.099,0.135,0.946,70.53,66
Pop Track 67,The Silver Lines,Pop,2019,217871,0.738,0.688,-13.07,0.174,0.596,0.067,0.718,141.98,64
Latin Track 68,Zayn Carter,Latin,2017,223642,0.805,0.846,-1.0,0.174,0.162,0.237,0.46,,70
Pop Track 69,The Midnight Waves,Pop,2019,135386,0.735,0.403,-6.74,0.092,0.334,0.353,0.618,125.31,70
Classical Track 70,Echo Bloom,Classical,2020,220419,,0.957,-5.16,0.207,0.211,0.223,0.85,154.63,65
Latin Track 71,Maya Cruz,Latin,2023,160138,0.889,,-10.19,0.049,0.136,0.07,0.714,91.89,59
Pop Track 72,Jay Nova,Pop,2018,278855,0.437,0.448,-10.39,0.166,0.638,0.316,0.376,104.75,59
Pop Track 73,Jay Nova,Pop,2017,261932,0.312,0.704,-11.82,0.253,0.419,0.203,0.676,123.71,44
Latin Track 74,Urban Pulse,Latin,2020,267053,0.463,0.318,-2.39,0.128,0.729,0.03,0.735,101.51,67
R&B Track 75,Nova Lane,R&B,2021,104350,0.894,0.696,-9.56,0.048,0.279,0.012,0.442,122.91,72
R&B Track 76,The Paper Hearts,R&B,2023,201537,0.395,0.841,-7.78,0.326,0.196,0.082,0.595,146.08,79
Latin Track 77,Neon Echo,Latin,2023,211490,0.894,0.751,-8.4,0.036,0.536,0.137,0.591,100.81,74
Pop Track 78,The Silver Lines,Pop,2025,240875,0.638,0.352,-10.56,0.232,0.077,0.036,0.664,147.14,64
Rock Track 79,Echo Bloom,Rock,2019,255539,0.691,0.763,-8.1,0.143,0.402,0.078,0.334,75.84,49
Pop Track 80,The Paper Hearts,Pop,2022,272808,0.871,0.457,-7.24,0.014,0.542,0.11,0.205,108.35,63
Indie Track 81,Nova Lane,Indie,2020,110757,0.856,0.703,-3.75,0.306,0.638,0.075,0.099,117.27,53
EDM Track 82,Ava Stone,EDM,2015,178941,0.85,0.702,-10.68,0.201,0.268,0.096,0.708,99.75,78
Rock Track 83,The Paper Hearts,Rock,2022,217601,0.517,0.513,-9.25,0.177,0.297,0.062,0.616,108.68,57
Pop Track 84,Maya Cruz,Pop,2024,252327,0.899,0.538,-5.85,0.166,0.303,0.18,0.551,155.51,81
Rock Track 85,Echo Bloom,Rock,2015,251082,0.748,0.733,-7.36,0.092,0.353,0.245,0.295,151.76,79
Rock Track 86,Mila Rose,Rock,2015,236371,0.693,0.785,-7.31,0.061,0.092,0.145,0.605,139.28,56
R&B Track 87,The Silver Lines,R&B,2024,186332,0.761,0.388,-10.41,0.012,0.62,0.082,0.642,146.99,62
EDM Track 88,Nova Lane,EDM,2023,192059,0.52,0.363,-5.16,0.202,0.34,0.059,0.531,107.11,62
Indie Track 89,Ava Stone,Indie,2021,186675,0.683,0.515,-3.26,0.111,0.615,0.109,0.363,92.65,61
Hip-Hop Track 90,Zayn Carter,Hip-Hop,2023,170853,0.574,0.391,-3.54,0.082,0.531,0.09,0.345,102.62,69
Pop Track 91,Luna Ray,Pop,2025,170222,0.373,0.465,-8.08,0.265,0.564,0.361,0.656,106.18,77
R&B Track 92,Nova Lane,R&B,2019,165919,0.557,0.519,-15.25,0.073,0.306,0.112,0.879,107.37,53
Latin Track 93,Luna Ray,Latin,2019,230118,0.969,0.645,-6.8,0.113,0.123,0.212,0.332,134.68,58
EDM Track 94,Echo Bloom,EDM,2018,220595,0.67,0.589,-7.2,0.007,0.209,0.138,0.883,129.76,74
Latin Track 95,Jay Nova,Latin,2024,173295,0.648,0.576,-10.55,0.033,0.3,0.086,0.399,117.78,69
Hip-Hop Track 96,Nova Lane,Hip-Hop,2020,137983,0.621,0.896,-9.96,0.172,0.348,0.407,0.726,119.26,80
Hip-Hop Track 97,Zayn Carter,Hip-Hop,2025,198380,0.875,0.517,-10.49,0.167,0.532,0.131,0.161,148.28,58
Hip-Hop Track 98,The Midnight Waves,Hip-Hop,2023,281602,0.785,0.208,-6.68,0.298,0.548,0.006,0.357,91.0,47
Pop Track 99,Urban Pulse,Pop,2020,215272,0.628,0.713,-9.97,0.108,0.322,0.002,0.565,140.95,83
Pop Track 100,Luna Ray,Pop,2017,251003,0.87,0.574,-7.0,0.219,0.394,0.306,0.806,71.33,80
Pop Track 101,Urban Pulse,Pop,2022,223102,0.878,0.706,-1.0,0.253,0.227,0.133,0.844,108.42,77
EDM Track 102,Maya Cruz,EDM,2019,212384,0.345,0.442,-8.06,0.154,0.534,0.168,0.683,158.25,38
Rock Track 103,The Midnight Waves,Rock,2025,148713,0.834,0.756,-10.98,0.058,0.492,0.208,0.809,129.22,62
Hip-Hop Track 104,Urban Pulse,Hip-Hop,2021,196699,0.628,0.652,-11.86,0.032,0.297,0.335,0.521,110.8,75
Indie Track 105,Kai Rivers,Indie,2019,190935,0.404,0.816,-6.51,0.044,0.542,0.227,0.619,143.97,63
Rock Track 106,Kai Rivers,Rock,2022,281655,0.752,0.851,-1.49,0.078,0.339,0.092,0.6,136.28,58
Hip-Hop Track 107,Ava Stone,Hip-Hop,2017,223245,0.787,0.625,-10.2,0.067,0.436,0.096,0.272,135.31,74
R&B Track 108,The Silver Lines,R&B,2022,272489,0.945,0.686,-13.96,0.022,0.199,0.023,0.695,117.17,72
Rock Track 109,Jay Nova,Rock,2016,265735,0.956,0.723,-2.38,0.003,0.294,0.035,0.488,145.04,86
Pop Track 110,Echo Bloom,Pop,2023,176934,0.864,0.352,-1.0,0.34,0.241,0.254,0.331,106.55,65
Rock Track 111,Nova Lane,Rock,2022,215052,0.82,0.73,-5.23,0.071,0.038,0.142,0.492,105.41,66
Pop Track 112,Neon Echo,Pop,2022,290820,0.59,0.945,-6.21,0.055,0.028,0.211,0.698,166.98,80
Indie Track 113,Maya Cruz,Indie,2023,240343,0.486,0.758,-7.3,0.383,0.491,0.025,0.581,110.0,55
Latin Track 114,Luna Ray,Latin,2016,237622,0.87,0.957,-5.46,0.209,0.583,0.062,0.464,73.24,65
EDM Track 115,Echo Bloom,EDM,2021,256111,0.88,0.59,-5.6,0.416,0.272,0.001,0.275,147.5,90
Indie Track 116,The Midnight Waves,Indie,2021,236617,0.683,,-6.65,0.065,0.366,0.296,0.697,154.67,75
Latin Track 117,Aria Cole,Latin,2021,239586,0.972,0.777,-10.36,0.061,0.179,0.11,0.631,116.34,67
Pop Track 118,Kai Rivers,Pop,2025,228595,0.575,0.873,-6.67,0.114,0.477,0.252,0.468,71.73,73
Indie Track 119,Aria Cole,Indie,2017,199711,0.787,0.351,-7.8,0.129,0.188,0.337,0.334,120.67,44
EDM Track 120,Zayn Carter,EDM,2023,167386,0.732,0.574,-9.91,0.014,0.519,0.067,0.611,171.74,84
Latin Track 121,Maya Cruz,Latin,2021,131437,0.696,0.798,-6.67,0.175,0.464,0.329,0.372,126.86,76
Indie Track 122,Neon Echo,Indie,2022,200178,0.641,0.438,-8.96,0.126,0.304,0.194,0.846,140.46,71
Rock Track 123,Nova Lane,Rock,2024,234647,0.56,0.85,-7.3,0.307,0.333,0.008,0.154,141.84,60
Pop Track 124,Ava Stone,Pop,2018,225736,0.383,0.588,-6.13,0.292,0.176,0.018,0.404,145.31,78
Rock Track 125,Neon Echo,Rock,2024,243616,0.672,0.731,-5.71,0.222,0.17,0.182,0.39,166.7,79
Hip-Hop Track 126,Maya Cruz,Hip-Hop,2016,209328,0.741,0.948,-8.88,0.055,0.099,0.063,0.651,147.92,77
Latin Track 127,Neon Echo,Latin,2021,337490,0.845,0.601,-6.15,0.013,0.097,0.066,0.368,120.06,60
Indie Track 128,Maya Cruz,Indie,2024,306227,0.388,0.386,-5.45,0.137,0.534,0.002,0.69,95.22,58
Pop Track 129,Maya Cruz,Pop,2018,146708,0.305,0.671,-4.58,0.025,0.071,0.237,0.916,132.31,70
Hip-Hop Track 130,The Paper Hearts,Hip-Hop,2024,244543,,0.701,-6.59,0.007,0.066,0.154,0.574,117.36,84
Hip-Hop Track 131,Luna Ray,Hip-Hop,2018,258595,0.898,0.962,-5.68,0.034,0.381,0.294,0.44,139.2,78
Rock Track 132,Mila Rose,Rock,2024,119487,0.779,0.251,-8.76,0.33,0.411,0.145,0.694,101.29,63
Pop Track 133,Aria Cole,Pop,2021,222510,0.897,0.778,-1.0,0.046,0.538,0.009,0.533,114.79,85
Rock Track 134,Mila Rose,Rock,2023,238261,0.981,0.701,-7.69,0.128,0.545,0.027,0.548,,69
Indie Track 135,Mila Rose,Indie,2025,214747,0.82,0.254,-4.14,0.031,0.186,0.15,0.806,99.46,71
Rock Track 136,Mila Rose,Rock,2021,232369,,0.866,-8.96,0.23,0.22,0.084,0.721,122.96,59
Hip-Hop Track 137,Urban Pulse,Hip-Hop,2019,218558,0.761,0.728,-6.38,0.285,0.258,0.545,0.605,140.88,63
R&B Track 138,Kai Rivers,R&B,2025,246616,0.751,0.491,-6.49,0.419,0.245,0.028,0.496,167.84,58
Rock Track 139,The Paper Hearts,Rock,2018,284675,0.824,0.742,-5.92,0.063,0.379,0.04,0.723,104.35,67
Classical Track 140,Nova Lane,Classical,2023,249676,0.549,0.716,-10.04,0.074,0.308,0.076,0.241,143.74,53
Classical Track 141,The Paper Hearts,Classical,2025,267889,0.597,0.742,-6.33,0.26,0.067,0.172,0.097,74.53,61
Rock Track 142,Jay Nova,Rock,2023,167416,0.677,0.46,-8.95,0.23,0.632,0.026,0.669,121.82,65
Hip-Hop Track 143,Jay Nova,Hip-Hop,2018,306234,0.616,0.743,-5.04,0.171,0.274,0.042,0.483,123.7,71
Rock Track 144,Urban Pulse,Rock,2018,229172,0.848,0.313,-10.13,0.444,0.314,0.022,0.864,141.54,55
Rock Track 145,Kai Rivers,Rock,2019,197425,0.857,0.765,-6.58,0.216,0.644,0.049,0.826,109.53,77
Pop Track 146,Neon Echo,Pop,2021,233692,0.473,0.667,-7.58,0.338,0.347,0.154,0.351,127.87,51
EDM Track 147,Luna Ray,EDM,2018,190492,0.646,0.835,-1.94,0.184,0.031,0.091,0.731,148.6,66
Hip-Hop Track 148,Kai Rivers,Hip-Hop,2024,221213,0.875,0.438,-4.15,0.164,0.586,0.121,0.376,94.95,68
Pop Track 149,Urban Pulse,Pop,2020,228551,0.561,0.96,-3.38,0.005,0.26,0.479,0.237,75.0,81
Rock Track 150,Maya Cruz,Rock,2025,184119,0.755,0.774,-9.81,0.094,0.456,0.313,0.644,147.91,74
Indie Track 151,The Midnight Waves,Indie,2024,222010,0.933,0.549,-8.65,0.142,0.393,0.079,0.779,98.06,65
Rock Track 152,Luna Ray,Rock,2025,183457,0.946,0.709,-7.51,0.137,0.77,0.099,0.536,132.97,71
Pop Track 153,The Silver Lines,Pop,2019,183168,0.888,0.411,-4.07,0.037,0.198,0.266,0.727,168.8,65
Hip-Hop Track 154,Aria Cole,Hip-Hop,2022,169507,0.597,0.657,-6.37,0.095,0.304,0.092,0.406,142.07,63
Classical Track 155,Luna Ray,Classical,2020,198183,0.514,0.617,-9.75,0.031,0.577,0.114,0.539,98.69,44
Rock Track 156,Urban Pulse,Rock,2019,190219,0.785,0.537,-9.62,0.094,0.112,0.092,0.741,86.91,59
R&B Track 157,Maya Cruz,R&B,2023,236325,0.849,0.962,-3.92,0.208,0.592,0.505,0.563,103.32,70
Latin Track 158,Maya Cruz,Latin,2024,264334,0.439,0.677,-6.27,0.123,0.231,0.089,0.849,126.15,66
Rock Track 159,Ava Stone,Rock,2017,244794,0.919,0.414,-7.34,0.096,0.099,0.143,0.609,116.0,65
R&B Track 160,Mila Rose,R&B,2019,258762,0.434,0.764,-7.59,0.137,0.088,0.202,0.709,154.68,66
Rock Track 161,Kai Rivers,Rock,2018,254968,0.306,0.574,-4.81,0.443,0.329,0.074,0.405,138.01,29
EDM Track 162,Maya Cruz,EDM,2024,173299,0.622,0.723,-10.66,0.06,0.086,0.063,0.695,104.46,76
EDM Track 163,Jay Nova,EDM,2025,199967,0.712,0.453,-7.34,0.153,0.168,0.232,0.316,142.31,63
EDM Track 164,Mila Rose,EDM,2016,295073,0.645,0.947,-7.17,0.065,0.577,0.294,0.21,158.15,64
Pop Track 165,Nova Lane,Pop,2020,190491,0.825,0.471,-11.24,0.34,0.521,0.105,0.87,114.44,57
Latin Track 166,The Midnight Waves,Latin,2025,298425,0.673,0.527,-8.12,0.033,0.585,0.152,0.552,133.51,79
Rock Track 167,Urban Pulse,Rock,2020,196226,0.903,0.62,-1.0,0.03,0.446,0.14,0.67,101.01,87
Pop Track 168,Aria Cole,Pop,2023,122860,0.878,0.789,-10.01,0.26,0.273,0.007,0.416,118.6,59
Pop Track 169,Kai Rivers,Pop,2017,203872,0.63,0.627,-7.12,0.232,0.139,0.037,0.803,100.59,72
EDM Track 170,Echo Bloom,EDM,2021,253096,0.671,0.455,-13.73,0.271,0.336,0.132,0.86,,76
R&B Track 171,Jay Nova,R&B,2022,289855,0.992,0.711,-7.92,0.135,0.186,0.02,0.657,109.96,72
Pop Track 172,Zayn Carter,Pop,2024,148494,0.683,0.397,-10.72,0.095,0.49,0.321,0.477,132.56,59
Hip-Hop Track 173,The Silver Lines,Hip-Hop,2019,252272,0.805,0.851,-8.56,0.156,0.289,0.032,0.601,137.25,69
Rock Track 174,Neon Echo,Rock,2019,255192,0.757,0.702,-6.22,0.057,0.575,0.108,0.615,196.62,69
EDM Track 175,Maya Cruz,EDM,2020,273563,0.662,0.861,-10.88,0.028,0.377,0.125,0.613,115.62,97
Pop Track 176,Echo Bloom,Pop,2022,94796,0.906,0.448,-6.78,0.224,0.341,0.107,0.689,103.35,82
R&B Track 177,Maya Cruz,R&B,2025,289557,0.721,0.555,-9.84,0.147,0.631,0.132,0.331,120.27,50
Hip-Hop Track 178,Luna Ray,Hip-Hop,2024,234841,0.736,0.576,-11.51,0.203,0.27,0.126,0.634,101.59,64
Indie Track 179,Jay Nova,Indie,2016,235639,0.579,0.51,-4.55,0.085,0.312,0.274,0.945,110.3,60
Pop Track 180,Luna Ray,Pop,2025,261755,0.507,0.177,-10.38,0.098,0.209,0.054,0.738,139.46,55
Rock Track 181,Ava Stone,Rock,2017,124782,0.923,0.67,-8.77,0.329,0.484,0.239,0.308,105.88,56
Pop Track 182,Luna Ray,Pop,2021,260675,0.884,0.711,-9.21,0.244,0.09,0.068,0.513,,85
Indie Track 183,Ava Stone,Indie,2024,321871,0.9,0.411,-6.85,0.046,0.244,0.072,0.433,136.31,58
Indie Track 184,The Silver Lines,Indie,2016,153411,0.889,0.895,-7.4,0.188,0.466,0.378,0.497,127.98,72
Rock Track 185,Urban Pulse,Rock,2016,212102,0.876,0.871,-8.0,0.086,0.116,0.07,0.448,138.07,91
EDM Track 186,Ava Stone,EDM,2020,216686,0.721,0.503,-9.63,0.138,0.153,0.038,0.587,114.93,64
Latin Track 187,Echo Bloom,Latin,2024,231040,0.704,0.44,-8.3,0.227,0.237,0.071,0.673,73.93,70
EDM Track 188,Mila Rose,EDM,2022,234172,0.975,0.585,-6.62,0.172,0.272,0.085,0.184,123.42,61
Hip-Hop Track 189,Maya Cruz,Hip-Hop,2021,184783,0.906,0.555,-7.15,0.174,0.06,0.194,0.2,123.88,77
Rock Track 190,Neon Echo,Rock,2024,216798,0.801,0.604,-4.13,0.131,0.283,0.326,0.57,113.12,82
Pop Track 191,Mila Rose,Pop,2024,293481,0.727,0.915,-5.21,0.269,0.282,0.285,0.417,137.55,89
Indie Track 192,Aria Cole,Indie,2024,233277,0.83,0.925,-4.18,0.153,0.655,0.095,0.354,,66
Indie Track 193,Urban Pulse,Indie,2021,231571,0.932,0.688,-3.44,0.129,0.386,0.014,0.839,127.24,65
EDM Track 194,Luna Ray,EDM,2015,182845,0.793,0.799,-6.94,0.128,0.587,0.165,0.518,124.37,73
Rock Track 195,Zayn Carter,Rock,2018,275261,0.641,0.594,-4.94,0.288,0.676,0.012,0.726,151.25,63
Rock Track 196,Aria Cole,Rock,2024,205239,0.697,0.834,-6.49,0.407,0.281,0.115,0.708,96.22,75
R&B Track 197,Jay Nova,R&B,2024,122744,0.703,0.625,-3.52,0.028,0.297,0.159,0.596,114.05,63
Indie Track 198,Ava Stone,Indie,2025,233909,0.724,0.801,-12.76,0.038,0.354,0.164,0.674,145.95,60
Indie Track 199,Maya Cruz,Indie,2018,246812,0.788,0.775,-8.45,0.251,0.241,0.019,0.277,134.86,62
Latin Track 200,The Midnight Waves,Latin,2017,201554,0.805,0.69,-6.27,0.339,0.455,0.095,0.414,116.36,76
EDM Track 201,Kai Rivers,EDM,2017,114553,0.562,0.668,-5.79,0.124,0.31,0.055,0.386,131.37,75
Pop Track 202,Echo Bloom,Pop,2018,164771,0.986,0.607,-7.55,0.078,0.346,0.054,0.202,108.84,69
Pop Track 203,Neon Echo,Pop,2022,209819,0.836,0.814,-12.49,0.227,0.292,0.075,0.524,125.87,64
Indie Track 204,The Paper Hearts,Indie,2025,197431,0.903,0.728,-8.03,0.053,0.374,0.139,0.537,138.51,70
EDM Track 205,Echo Bloom,EDM,2022,234875,0.824,0.765,-5.05,0.233,0.2,0.353,0.418,153.0,82
Pop Track 206,The Silver Lines,Pop,2022,241625,0.819,0.574,-8.45,0.045,0.274,0.028,0.831,137.86,74
Pop Track 207,The Midnight Waves,Pop,2023,195388,0.773,0.597,-7.22,0.061,0.252,0.159,0.452,154.73,65
R&B Track 208,Zayn Carter,R&B,2016,152046,0.796,0.254,-1.75,0.265,0.615,0.442,0.228,87.38,56
Pop Track 209,Kai Rivers,Pop,2024,280394,0.816,0.634,-8.06,0.521,0.137,0.009,0.917,68.89,95
Pop Track 210,The Midnight Waves,Pop,2023,240226,0.872,0.837,-7.97,0.14,0.552,0.015,0.872,69.62,80
EDM Track 211,Luna Ray,EDM,2018,245213,0.895,0.663,-6.92,0.023,0.057,0.115,0.291,148.79,84
R&B Track 212,Ava Stone,R&B,2023,232287,0.709,0.799,-6.79,0.204,0.616,0.169,0.567,136.49,59
EDM Track 213,Urban Pulse,EDM,2022,264384,0.41,0.426,-7.1,0.083,0.081,0.047,0.58,104.76,76
Rock Track 214,Neon Echo,Rock,2016,197851,0.801,0.464,-6.32,0.221,0.164,0.211,0.557,112.76,76
R&B Track 215,Nova Lane,R&B,2019,252275,0.54,0.71,-11.07,0.125,0.295,0.007,0.454,130.08,63
Rock Track 216,Ava Stone,Rock,2021,245083,0.901,0.571,-7.86,0.039,0.422,0.32,0.555,104.64,73
Rock Track 217,Nova Lane,Rock,2019,243594,0.631,0.845,-11.19,0.038,0.195,0.04,0.655,102.39,81
R&B Track 218,Aria Cole,R&B,2019,161242,0.653,0.53,-7.33,0.072,0.103,0.048,0.686,106.29,58
EDM Track 219,Urban Pulse,EDM,2022,221261,0.887,0.305,-5.69,0.144,0.041,0.177,0.623,104.23,67
Latin Track 220,Kai Rivers,Latin,2021,232417,0.865,0.662,-7.92,0.198,0.38,0.108,0.736,123.06,78
EDM Track 221,Maya Cruz,EDM,2023,295054,0.904,0.576,-10.34,0.102,0.304,0.11,0.538,161.91,72
EDM Track 222,The Paper Hearts,EDM,2025,219493,0.604,0.764,-8.79,0.189,0.601,0.098,0.759,97.83,72
Pop Track 223,Jay Nova,Pop,2023,263689,0.407,0.747,-2.1,0.073,0.129,0.219,0.677,120.24,79
Rock Track 224,Mila Rose,Rock,2022,148109,0.734,0.749,-3.15,0.49,0.604,0.146,0.478,133.05,71
Rock Track 225,Urban Pulse,Rock,2024,182757,0.814,0.527,-9.13,0.041,0.407,0.183,0.356,134.85,61
Rock Track 226,Ava Stone,Rock,2023,234759,0.647,0.614,-9.14,0.251,0.327,0.056,0.46,109.86,61
Classical Track 227,Neon Echo,Classical,2018,234368,0.579,0.913,-7.83,0.09,0.269,0.255,0.428,136.85,73
Hip-Hop Track 228,Mila Rose,Hip-Hop,2020,182748,0.836,0.605,-3.78,0.06,0.179,0.276,0.587,132.08,76
Indie Track 229,The Silver Lines,Indie,2024,258009,0.692,0.751,-12.75,0.173,0.344,0.522,0.342,111.17,74
EDM Track 230,The Silver Lines,EDM,2024,207462,0.725,0.503,-9.17,0.274,0.396,0.049,0.495,89.53,81
Latin Track 231,The Midnight Waves,Latin,2025,206414,0.375,0.577,-6.27,0.213,0.638,0.105,0.363,94.56,50
Hip-Hop Track 232,Mila Rose,Hip-Hop,2023,211471,0.929,0.673,-6.61,0.035,0.441,0.179,0.506,139.9,81
EDM Track 233,Neon Echo,EDM,2025,275238,0.758,0.958,-8.78,0.216,0.227,0.291,0.736,156.25,66
Hip-Hop Track 234,Kai Rivers,Hip-Hop,2016,264003,0.913,0.822,-8.26,0.134,0.849,0.239,0.647,122.02,89
Pop Track 235,Aria Cole,Pop,2022,299741,0.717,0.617,-6.51,0.142,0.167,0.297,0.592,155.65,76
R&B Track 236,Nova Lane,R&B,2025,239771,0.732,0.41,-8.73,0.246,0.739,0.175,0.891,120.74,65
Rock Track 237,The Midnight Waves,Rock,2019,301891,0.472,0.661,-10.69,0.365,0.062,0.156,0.493,94.53,54
Pop Track 238,The Silver Lines,Pop,2018,225715,0.759,0.848,-8.06,0.199,0.119,0.259,0.284,116.97,69
EDM Track 239,Jay Nova,EDM,2020,209311,0.492,0.847,-6.93,0.236,0.264,0.575,0.425,157.8,71
Pop Track 240,Jay Nova,Pop,2024,195284,0.887,0.785,-13.87,0.426,0.429,0.025,0.623,107.52,75
Indie Track 241,Ava Stone,Indie,2016,207071,0.876,0.659,-6.32,0.164,0.529,0.072,0.766,118.74,62
Classical Track 242,Kai Rivers,Classical,2023,209277,0.665,0.747,-4.58,0.104,0.148,0.089,0.569,150.46,69
Indie Track 243,Maya Cruz,Indie,2017,184145,0.858,0.943,-8.57,0.311,0.236,0.358,0.895,148.8,73
Rock Track 244,The Silver Lines,Rock,2021,188421,0.802,0.485,-8.52,0.23,0.233,0.003,0.575,129.34,56
Pop Track 245,Zayn Carter,Pop,2025,242340,0.929,0.757,-9.72,0.186,0.575,0.232,0.803,134.83,83
Indie Track 246,Kai Rivers,Indie,2018,193035,0.776,0.844,-7.96,0.351,0.226,0.006,0.441,147.51,55
Hip-Hop Track 247,Aria Cole,Hip-Hop,2015,138483,0.355,0.898,-9.17,0.13,0.384,0.289,0.762,129.41,49
Classical Track 248,Nova Lane,Classical,2021,136194,0.759,0.444,-3.16,0.196,0.627,0.155,0.692,152.73,55
Classical Track 249,Neon Echo,Classical,2022,120618,0.862,0.905,-7.13,0.075,0.643,0.043,0.452,138.13,49
Latin Track 250,Mila Rose,Latin,2019,151213,0.771,0.369,-13.94,0.087,0.418,0.008,0.881,118.45,68
Rock Track 251,The Silver Lines,Rock,2022,161003,0.849,0.853,-5.79,0.116,0.601,0.118,0.714,132.43,79
Hip-Hop Track 252,Mila Rose,Hip-Hop,2025,171169,0.68,0.974,-2.34,0.218,0.647,0.102,0.77,112.75,85
Latin Track 253,Jay Nova,Latin,2020,227871,0.984,0.469,-5.97,0.068,0.186,0.033,0.726,98.83,80
Rock Track 254,Neon Echo,Rock,2020,157760,0.484,0.63,-3.93,0.049,0.412,0.101,0.61,94.61,49
Pop Track 255,Neon Echo,Pop,2021,173626,0.88,0.939,-5.47,0.294,0.521,0.096,0.444,117.04,70
EDM Track 256,Neon Echo,EDM,2022,132568,0.552,0.805,-4.53,0.052,0.693,0.142,0.495,129.51,66
Indie Track 257,Jay Nova,Indie,2015,185282,0.672,0.498,-4.67,0.054,0.608,0.077,0.48,165.23,58
R&B Track 258,Aria Cole,R&B,2023,247575,0.516,0.683,-4.64,0.057,0.538,0.055,0.606,131.99,55
EDM Track 259,Mila Rose,EDM,2025,213948,0.815,0.604,-6.55,0.023,0.814,0.411,0.764,126.6,64
Pop Track 260,Echo Bloom,Pop,2019,218689,0.872,0.391,-12.65,0.087,0.16,0.16,0.705,119.61,81
EDM Track 261,Mila Rose,EDM,2023,214912,0.648,0.287,-10.77,0.054,0.422,0.141,0.264,113.42,65
Classical Track 262,Luna Ray,Classical,2015,157183,0.622,0.616,-10.71,0.508,0.202,0.103,0.774,125.14,54
Pop Track 263,Nova Lane,Pop,2023,196606,0.875,0.658,-15.08,0.236,0.488,0.097,0.462,115.38,81
Hip-Hop Track 264,Zayn Carter,Hip-Hop,2021,224944,0.688,0.496,-8.8,0.454,0.248,0.04,0.216,114.2,53
Indie Track 265,Echo Bloom,Indie,2022,258630,0.898,0.716,-3.25,0.028,0.294,0.131,0.542,141.7,77
R&B Track 266,Nova Lane,R&B,2022,231362,0.515,0.861,-11.81,0.102,0.283,0.212,0.347,100.22,72
R&B Track 267,The Midnight Waves,R&B,2018,254627,0.977,0.722,-5.32,0.115,0.335,0.199,0.636,116.0,83
R&B Track 268,Kai Rivers,R&B,2024,166119,0.831,0.605,-5.91,0.047,0.534,0.168,0.348,105.5,69
Rock Track 269,Kai Rivers,Rock,2022,147350,0.681,0.389,-6.81,0.351,0.168,0.168,0.363,124.82,56
Rock Track 270,The Paper Hearts,Rock,2019,136141,0.527,0.836,-3.95,0.022,0.277,0.116,0.511,142.49,72
Latin Track 271,Kai Rivers,Latin,2025,251768,0.457,0.604,-7.62,0.141,0.174,0.366,0.304,130.4,59
Latin Track 272,Mila Rose,Latin,2015,150214,0.847,0.886,-2.94,0.093,0.263,0.061,0.542,116.7,79
Indie Track 273,Jay Nova,Indie,2024,262777,0.867,0.785,-8.1,0.044,0.3,0.09,0.477,144.57,60
Indie Track 274,Zayn Carter,Indie,2020,194931,0.595,0.422,-6.47,0.011,0.087,0.275,0.63,143.18,58
Hip-Hop Track 275,Maya Cruz,Hip-Hop,2022,290094,0.784,0.732,-7.92,0.261,0.726,0.027,0.252,122.95,65
Hip-Hop Track 276,Ava Stone,Hip-Hop,2019,194812,0.654,0.648,-10.27,0.21,0.345,0.203,0.181,160.23,70
Latin Track 277,The Paper Hearts,Latin,2020,197279,0.732,0.929,-11.54,0.096,0.262,0.249,0.632,132.07,79
EDM Track 278,Urban Pulse,EDM,2015,218014,0.42,0.855,-5.77,0.265,0.419,0.181,0.639,131.42,85
R&B Track 279,Urban Pulse,R&B,2024,196342,0.914,0.935,-3.46,0.181,0.382,0.012,0.343,93.14,76
Latin Track 280,Ava Stone,Latin,2023,233813,0.718,0.799,-6.77,0.13,0.194,0.143,0.806,81.59,65
Indie Track 281,Nova Lane,Indie,2023,167988,0.811,0.714,-5.96,0.148,0.568,0.015,0.272,123.52,70
Rock Track 282,Ava Stone,Rock,2025,223385,0.895,0.311,-12.16,0.216,0.577,0.228,0.751,145.93,66
Rock Track 283,Ava Stone,Rock,2025,181212,0.806,0.657,-6.34,0.077,0.188,0.028,0.169,129.88,65
Pop Track 284,Urban Pulse,Pop,2022,205751,0.71,0.518,-13.74,0.274,0.128,0.074,0.712,144.82,67
EDM Track 285,The Paper Hearts,EDM,2023,153118,0.735,0.624,-11.09,0.112,0.262,0.076,0.761,112.08,65
Pop Track 286,The Midnight Waves,Pop,2015,254253,0.759,0.214,-3.5,0.222,0.327,0.087,0.096,123.98,58
Hip-Hop Track 287,Mila Rose,Hip-Hop,2024,198987,0.83,0.393,-7.46,0.033,0.422,0.078,0.404,122.4,55
EDM Track 288,Neon Echo,EDM,2024,256223,0.861,0.606,-7.18,0.054,0.07,0.132,0.499,78.76,84
Rock Track 289,Kai Rivers,Rock,2015,181837,0.777,0.198,-5.84,0.304,0.572,0.053,0.495,164.93,63
EDM Track 290,Kai Rivers,EDM,2022,214592,0.858,0.77,-5.11,0.107,0.512,0.025,0.184,150.74,71
Pop Track 291,Jay Nova,Pop,2025,256667,0.738,0.171,-8.31,0.122,0.192,0.139,0.651,144.28,61
Pop Track 292,The Paper Hearts,Pop,2018,162103,0.768,0.704,-6.62,0.223,0.469,0.039,0.62,152.84,84
Latin Track 293,Jay Nova,Latin,2020,175295,0.615,0.667,-7.71,0.024,0.663,0.201,0.204,110.79,47
Rock Track 294,Maya Cruz,Rock,2020,251476,0.434,0.679,-12.1,0.076,0.288,0.009,0.737,141.1,61
Pop Track 295,Maya Cruz,Pop,2020,275635,0.894,0.549,-8.56,0.185,0.515,0.226,0.201,110.74,79
Hip-Hop Track 296,Jay Nova,Hip-Hop,2016,215729,0.834,0.279,-6.26,0.008,0.559,0.353,0.618,125.55,47
Latin Track 297,The Paper Hearts,Latin,2019,171369,0.813,0.401,-8.65,0.074,0.122,0.086,0.484,80.19,70
Pop Track 298,Jay Nova,Pop,2019,200693,0.879,0.905,-8.63,0.046,0.236,0.044,0.321,118.43,71
EDM Track 299,Kai Rivers,EDM,2025,303636,0.776,0.649,-5.15,0.034,0.431,0.187,0.838,85.27,74
Pop Track 300,Echo Bloom,Pop,2020,154990,0.681,0.927,-7.02,0.187,0.349,0.019,0.902,91.9,74
Pop Track 301,Luna Ray,Pop,2021,238759,,0.677,-6.44,0.047,0.44,0.206,0.916,120.71,79
EDM Track 302,Urban Pulse,EDM,2020,220648,0.835,0.883,-12.37,0.118,0.177,0.025,0.686,105.01,89
EDM Track 303,Urban Pulse,EDM,2017,162963,0.631,0.768,-6.16,0.107,0.851,0.254,0.373,130.13,89
EDM Track 304,Zayn Carter,EDM,2025,200880,0.585,0.442,-10.83,0.337,0.681,0.134,0.749,162.2,61
R&B Track 305,Ava Stone,R&B,2024,133795,0.939,0.625,-7.57,0.227,0.456,0.013,0.62,107.08,78
Classical Track 306,Luna Ray,Classical,2022,227970,0.831,0.451,-10.69,0.058,0.438,0.354,0.278,115.65,55
Hip-Hop Track 307,Mila Rose,Hip-Hop,2021,234486,0.773,0.559,-4.7,0.135,0.767,0.036,0.216,137.95,69
Rock Track 308,The Paper Hearts,Rock,2023,153522,0.974,0.459,-2.01,0.11,0.533,0.179,0.739,105.92,84
Latin Track 309,Aria Cole,Latin,2020,240048,0.978,0.771,-7.94,0.128,0.054,0.019,0.237,104.83,69
Rock Track 310,Luna Ray,Rock,2016,185069,0.721,0.493,-7.97,0.185,0.116,0.066,0.762,111.33,64
Hip-Hop Track 311,Zayn Carter,Hip-Hop,2021,180993,0.628,0.657,-4.41,0.117,0.367,0.141,0.372,143.14,67
Pop Track 312,Maya Cruz,Pop,2025,171109,0.868,0.556,-5.78,0.243,0.304,0.133,0.11,79.56,61
Pop Track 313,Nova Lane,Pop,2018,244773,0.804,0.621,-7.71,0.256,0.493,0.253,0.601,101.66,72
Classical Track 314,Ava Stone,Classical,2022,139677,0.691,0.813,-6.4,0.267,0.577,0.103,0.53,158.74,63
Latin Track 315,Zayn Carter,Latin,2015,143479,0.868,0.81,-1.41,0.106,0.283,0.032,0.35,60.0,83
R&B Track 316,Neon Echo,R&B,2017,188353,0.46,0.814,-9.52,0.071,0.084,0.11,0.452,118.94,65
Hip-Hop Track 317,Aria Cole,Hip-Hop,2022,189909,0.736,0.881,-9.26,0.172,0.116,0.048,0.76,158.72,89
Pop Track 318,The Paper Hearts,Pop,2019,243198,0.607,0.656,-5.12,0.049,0.428,0.164,0.883,167.84,52
Pop Track 319,Ava Stone,Pop,2025,210899,0.623,0.467,-1.16,0.122,0.488,0.135,0.654,141.18,92
Rock Track 320,Mila Rose,Rock,2021,210976,0.582,0.714,-6.97,0.012,0.347,0.214,0.506,150.12,70
EDM Track 321,Luna Ray,EDM,2018,142108,0.938,0.374,-12.63,0.064,0.527,0.006,0.787,99.23,64
R&B Track 322,Maya Cruz,R&B,2022,204634,0.387,0.583,-6.33,0.114,0.518,0.149,0.574,101.21,64
R&B Track 323,The Midnight Waves,R&B,2024,106646,0.758,0.662,-9.07,0.159,0.537,0.123,0.58,163.14,65
Rock Track 324,Echo Bloom,Rock,2015,225686,0.815,0.456,-6.07,0.084,0.372,0.103,0.644,115.67,45
Classical Track 325,Neon Echo,Classical,2022,245478,0.494,0.892,-11.58,0.168,0.2,0.082,0.373,76.95,55
R&B Track 326,Aria Cole,R&B,2024,179921,0.823,,-11.93,0.035,0.178,0.021,0.566,132.04,79
EDM Track 327,Echo Bloom,EDM,2017,231890,0.846,0.807,-8.39,0.018,0.109,0.044,0.728,117.42,88
EDM Track 328,Ava Stone,EDM,2025,195243,0.537,0.651,-2.54,0.231,0.374,0.391,0.247,123.95,68
Hip-Hop Track 329,Maya Cruz,Hip-Hop,2019,270445,0.605,0.844,-11.61,0.058,0.581,0.017,0.409,64.85,76
Rock Track 330,Maya Cruz,Rock,2018,225261,0.962,0.464,-8.46,0.193,0.291,0.126,0.667,60.0,73
Rock Track 331,Zayn Carter,Rock,2022,168261,0.723,,-11.89,0.176,0.586,0.147,0.193,129.26,65
R&B Track 332,Urban Pulse,R&B,2018,267694,0.585,0.925,-6.63,0.028,0.136,0.231,0.583,114.72,65
Pop Track 333,Urban Pulse,Pop,2023,252216,0.971,0.555,-6.84,0.025,0.274,0.129,0.775,111.04,74
Pop Track 334,Luna Ray,Pop,2022,196454,0.879,0.907,-11.77,0.417,0.377,0.056,0.444,131.37,73
Pop Track 335,Zayn Carter,Pop,2017,237298,0.567,0.293,-3.64,0.034,0.497,0.533,0.581,103.31,67
Pop Track 336,Kai Rivers,Pop,2025,236579,0.611,0.611,-13.27,0.151,0.294,0.289,0.409,115.63,75
Latin Track 337,Luna Ray,Latin,2023,195848,0.596,0.07,-2.77,0.12,0.629,0.161,0.757,111.23,53
R&B Track 338,Kai Rivers,R&B,2022,217954,0.608,0.682,-3.38,0.128,0.606,0.01,0.299,143.25,49
Hip-Hop Track 339,Urban Pulse,Hip-Hop,2020,226004,0.891,0.445,-6.58,0.136,0.34,0.209,0.347,76.91,84
Pop Track 340,Zayn Carter,Pop,2017,184596,0.847,0.393,-4.81,0.238,0.411,0.298,0.591,106.46,61
Hip-Hop Track 341,Kai Rivers,Hip-Hop,2023,275595,0.715,0.519,-8.03,0.224,0.248,0.021,0.503,148.15,74
Hip-Hop Track 342,Neon Echo,Hip-Hop,2024,126025,0.674,0.871,-12.12,0.176,0.281,0.048,0.556,101.91,75
Pop Track 343,Zayn Carter,Pop,2017,245462,0.849,0.8,-6.79,0.049,0.426,0.059,0.47,124.88,72
Hip-Hop Track 344,Urban Pulse,Hip-Hop,2022,160174,0.55,0.219,-12.21,0.351,0.2,0.144,0.46,162.07,67
Hip-Hop Track 345,Luna Ray,Hip-Hop,2021,204041,0.85,0.653,-7.53,0.118,0.221,0.072,0.95,125.8,66
EDM Track 346,The Silver Lines,EDM,2020,143081,0.813,0.371,-11.21,0.102,0.215,0.168,0.325,173.37,82
EDM Track 347,Zayn Carter,EDM,2024,155644,0.464,0.592,-4.57,0.009,0.102,0.202,0.654,155.6,95
Pop Track 348,The Midnight Waves,Pop,2017,211081,,0.277,-6.36,0.094,0.587,0.099,0.317,106.36,78
Rock Track 349,Aria Cole,Rock,2018,218273,0.743,0.349,-5.47,0.137,0.122,0.206,0.145,91.66,54
EDM Track 350,Urban Pulse,EDM,2015,262691,,0.577,-6.48,0.067,0.56,0.074,0.529,107.51,37
Hip-Hop Track 351,Jay Nova,Hip-Hop,2020,197042,0.531,0.612,-1.86,0.026,0.632,0.072,0.436,131.12,70
Latin Track 352,Jay Nova,Latin,2019,242738,0.691,0.828,-4.43,0.312,0.748,0.181,0.563,130.31,55
EDM Track 353,Luna Ray,EDM,2025,214538,0.635,0.25,-2.39,0.164,0.285,0.16,0.247,137.95,58
Pop Track 354,Luna Ray,Pop,2024,241007,0.955,0.824,-10.2,0.074,0.398,0.081,0.482,99.79,92
Pop Track 355,Echo Bloom,Pop,2016,165863,0.949,0.907,-9.13,0.191,0.089,0.184,0.795,103.32,100
EDM Track 356,Aria Cole,EDM,2024,218996,0.739,,-14.77,0.36,0.559,0.205,0.707,135.4,86
Pop Track 357,Aria Cole,Pop,2023,231795,0.639,0.29,-8.68,0.104,0.322,0.029,0.73,169.78,68
EDM Track 358,Neon Echo,EDM,2019,192652,0.769,0.632,-7.61,0.082,0.272,0.224,0.72,95.67,82
Indie Track 359,Luna Ray,Indie,2015,232142,0.891,0.804,-6.2,0.072,0.326,0.428,0.877,120.26,52
EDM Track 360,Aria Cole,EDM,2017,236418,0.83,0.67,-9.09,0.338,0.274,0.044,0.791,113.36,59
Hip-Hop Track 361,Mila Rose,Hip-Hop,2019,191698,0.909,0.307,-5.29,0.025,0.285,0.167,0.825,125.49,70
EDM Track 362,Echo Bloom,EDM,2024,249894,0.95,0.649,-5.5,0.142,0.325,0.14,0.631,93.27,84
Hip-Hop Track 363,Kai Rivers,Hip-Hop,2021,111368,0.731,0.638,-8.92,0.022,0.159,0.143,0.363,124.11,67
EDM Track 364,Maya Cruz,EDM,2025,128808,0.906,0.501,-10.38,0.054,0.266,0.2,0.371,151.3,78
Indie Track 365,Maya Cruz,Indie,2024,168460,0.789,0.851,-7.3,0.053,0.028,0.135,0.845,83.02,61
Hip-Hop Track 366,Kai Rivers,Hip-Hop,2019,227661,0.656,0.481,-7.2,0.105,0.576,0.053,0.453,145.9,65
Classical Track 367,The Paper Hearts,Classical,2024,181026,0.93,0.791,-9.32,0.163,0.364,0.149,0.32,93.32,66
Indie Track 368,Urban Pulse,Indie,2017,154801,0.504,0.614,-8.28,0.075,0.502,0.13,0.242,128.2,62
Pop Track 369,Echo Bloom,Pop,2015,211014,0.737,0.736,-11.75,0.083,0.249,0.054,0.734,133.73,70
Pop Track 370,Mila Rose,Pop,2023,219517,0.788,0.757,-5.46,0.024,0.023,0.217,0.499,131.0,78
Pop Track 371,Aria Cole,Pop,2020,186354,0.885,0.678,-5.42,0.091,0.095,0.065,0.272,114.0,61
Pop Track 372,The Silver Lines,Pop,2020,161699,0.555,0.79,-7.35,0.102,0.575,0.088,0.318,137.9,66
Pop Track 373,Echo Bloom,Pop,2023,215319,0.465,0.949,-5.2,0.113,0.124,0.292,0.905,91.83,88
R&B Track 374,Zayn Carter,R&B,2025,250772,0.801,0.44,-7.11,0.055,0.835,0.026,0.39,143.95,58
Pop Track 375,Kai Rivers,Pop,2020,160359,0.694,0.684,-2.65,0.151,0.477,0.062,0.812,110.84,67
Rock Track 376,Mila Rose,Rock,2020,286143,0.474,0.578,-11.39,0.173,0.117,0.369,0.441,129.73,69
Latin Track 377,The Midnight Waves,Latin,2022,189502,0.858,0.755,-6.89,0.052,0.195,0.258,0.673,113.57,98
Pop Track 378,Nova Lane,Pop,2023,186349,0.62,0.72,-4.79,0.322,0.143,0.135,0.729,158.77,97
Latin Track 379,Ava Stone,Latin,2018,221043,0.888,0.834,-3.02,0.072,0.205,0.382,0.591,132.53,80
Rock Track 380,Urban Pulse,Rock,2025,219648,0.751,0.681,-5.12,0.035,0.222,0.097,0.759,137.67,78
Pop Track 381,Kai Rivers,Pop,2023,114472,0.78,0.682,-10.61,0.206,0.297,0.097,0.687,140.9,90
R&B Track 382,The Silver Lines,R&B,2023,210132,0.793,0.661,-12.47,0.253,0.227,0.126,0.627,116.22,72
EDM Track 383,Aria Cole,EDM,2025,241010,0.737,0.645,-8.01,0.537,0.102,0.14,0.461,128.94,76
Indie Track 384,The Silver Lines,Indie,2025,261257,0.72,0.79,-6.41,0.085,0.344,0.007,0.307,125.97,60
R&B Track 385,The Silver Lines,R&B,2017,209791,0.808,0.396,-4.67,0.103,0.275,0.147,0.259,137.48,89
Latin Track 386,Luna Ray,Latin,2017,198976,0.697,0.963,-10.79,0.036,0.457,0.023,0.213,111.31,75
Rock Track 387,Luna Ray,Rock,2024,247611,0.424,0.896,-5.67,0.057,0.463,0.138,0.678,105.04,62
Pop Track 388,Neon Echo,Pop,2025,295630,0.601,0.732,-15.53,0.14,0.102,0.055,0.406,150.36,64
R&B Track 389,Kai Rivers,R&B,2023,219209,0.778,0.783,-9.72,0.364,0.238,0.032,0.598,140.88,53
Latin Track 390,Neon Echo,Latin,2021,206792,0.544,0.375,-4.92,0.15,0.091,0.203,0.573,101.86,50
Classical Track 391,Kai Rivers,Classical,2023,271559,0.738,0.703,-11.07,0.12,0.074,0.023,0.707,167.65,54
Hip-Hop Track 392,Urban Pulse,Hip-Hop,2019,164159,0.588,0.472,-10.81,0.333,0.34,0.028,0.302,108.29,72
Rock Track 393,Echo Bloom,Rock,2025,217819,0.894,0.335,-9.08,0.268,0.323,0.085,0.509,124.85,67
Latin Track 394,Ava Stone,Latin,2021,323344,0.749,0.745,-6.97,0.292,0.429,0.05,0.322,150.05,56
Rock Track 395,The Silver Lines,Rock,2025,235402,0.804,0.71,-10.85,0.145,0.388,0.132,0.533,149.82,57
Indie Track 396,Urban Pulse,Indie,2021,249505,0.912,0.452,-7.6,0.016,0.481,0.111,0.548,105.07,65
Latin Track 397,Echo Bloom,Latin,2025,200209,0.786,0.541,-8.8,0.13,0.277,0.035,0.592,134.41,86
Hip-Hop Track 398,Nova Lane,Hip-Hop,2020,241384,0.751,0.821,-4.03,0.07,0.182,0.074,0.465,114.55,65
R&B Track 399,Maya Cruz,R&B,2024,269714,0.54,0.865,-8.95,0.228,0.124,0.144,0.579,132.07,74
R&B Track 400,Jay Nova,R&B,2025,146862,0.73,0.914,-7.41,0.018,0.556,0.025,0.894,118.98,68
Pop Track 401,Zayn Carter,Pop,2023,210667,0.934,0.77,-7.0,0.004,0.61,0.026,0.352,112.33,69
Indie Track 402,Mila Rose,Indie,2023,230739,0.616,0.473,-8.76,0.007,0.284,0.117,0.315,98.9,45
Hip-Hop Track 403,Kai Rivers,Hip-Hop,2017,212464,0.725,0.579,-5.19,0.247,0.25,0.15,0.293,150.44,76
Latin Track 404,Nova Lane,Latin,2021,193079,0.663,0.903,-4.57,0.119,0.478,0.131,0.574,104.15,66
Rock Track 405,Maya Cruz,Rock,2025,277783,0.314,0.303,-8.97,0.081,0.356,0.077,0.489,157.24,49
Indie Track 406,Aria Cole,Indie,2019,224163,0.644,0.607,-6.62,0.103,0.403,0.006,0.769,114.95,72
Hip-Hop Track 407,The Paper Hearts,Hip-Hop,2024,183449,0.626,0.826,-10.28,0.165,0.237,0.158,0.545,133.63,82
Pop Track 408,Ava Stone,Pop,2023,259290,0.555,0.373,-5.81,0.02,0.213,0.033,0.988,158.94,63
Indie Track 409,Mila Rose,Indie,2019,277539,0.456,0.819,-6.8,0.101,0.068,0.017,0.541,111.67,66
Pop Track 410,Neon Echo,Pop,2019,266334,0.962,0.351,-8.59,0.435,0.48,0.045,0.735,133.32,81
Rock Track 411,Neon Echo,Rock,2021,196297,0.552,0.79,-6.51,0.138,0.056,0.349,0.724,133.86,68
Classical Track 412,Echo Bloom,Classical,2017,198241,0.777,0.385,-5.72,0.031,0.202,0.093,0.283,106.0,61
Classical Track 413,Mila Rose,Classical,2025,168196,0.423,0.792,-3.81,0.199,0.099,0.116,0.415,127.33,53
EDM Track 414,Luna Ray,EDM,2024,226430,0.731,0.746,-6.31,0.083,0.581,0.192,0.651,139.87,67
EDM Track 415,Maya Cruz,EDM,2020,264435,0.711,0.616,-4.83,0.114,0.25,0.038,0.256,162.82,59
Hip-Hop Track 416,The Paper Hearts,Hip-Hop,2019,240388,0.646,0.619,-1.79,0.259,0.527,0.126,0.689,112.04,87
Rock Track 417,Nova Lane,Rock,2023,293843,0.883,0.688,-10.6,0.037,0.436,0.187,0.379,130.3,61
Rock Track 418,Ava Stone,Rock,2021,127683,0.704,0.846,-3.99,0.211,0.446,0.067,0.555,118.95,61
R&B Track 419,Urban Pulse,R&B,2019,221308,0.745,0.663,-10.14,0.022,0.317,0.402,0.337,126.64,56
R&B Track 420,Maya Cruz,R&B,2021,252425,0.452,0.655,-9.64,0.081,0.105,0.146,0.492,107.8,65
Latin Track 421,The Paper Hearts,Latin,2025,187600,0.842,0.755,-7.54,0.117,0.284,0.03,0.449,117.94,62
Latin Track 422,Jay Nova,Latin,2016,164082,0.821,0.615,-9.44,0.107,0.363,0.153,0.357,158.44,61
Pop Track 423,Kai Rivers,Pop,2020,160677,0.692,0.722,-9.94,0.081,0.273,0.06,0.855,125.06,83
Hip-Hop Track 424,Urban Pulse,Hip-Hop,2025,219698,0.159,0.602,-7.68,0.292,0.509,0.212,0.899,123.83,66
Pop Track 425,Neon Echo,Pop,2015,159554,0.581,0.862,-8.5,0.206,0.442,0.039,0.679,101.54,59
EDM Track 426,Urban Pulse,EDM,2025,281287,0.933,0.909,-9.5,0.089,0.249,0.022,0.641,148.18,86
Hip-Hop Track 427,Nova Lane,Hip-Hop,2020,238172,0.916,0.903,-10.36,0.147,0.276,0.11,0.35,142.33,77
Indie Track 428,Neon Echo,Indie,2018,205967,0.912,0.82,-3.22,0.055,0.485,0.296,0.472,125.05,79
Rock Track 429,Nova Lane,Rock,2015,211378,0.968,0.72,-11.1,0.241,0.023,0.097,0.734,167.63,89
Pop Track 430,Echo Bloom,Pop,2016,263687,0.87,0.585,-8.0,0.277,0.336,0.157,0.55,109.22,58
Pop Track 431,Luna Ray,Pop,2018,275340,0.384,0.58,-4.15,0.11,0.303,0.018,0.568,96.98,74
Latin Track 432,Nova Lane,Latin,2015,172974,0.895,0.915,-5.07,0.136,0.632,0.053,0.537,119.72,90
EDM Track 433,Neon Echo,EDM,2020,182008,0.815,0.5,-6.8,0.295,0.178,0.381,0.486,101.67,73
Pop Track 434,Echo Bloom,Pop,2016,198920,0.642,0.855,-9.37,0.176,0.244,0.081,0.842,127.78,83
Pop Track 435,Nova Lane,Pop,2023,186893,0.557,,-7.56,0.137,0.119,0.053,0.311,123.76,73
R&B Track 436,Jay Nova,R&B,2024,133786,0.996,0.851,-10.87,0.08,0.502,0.026,0.846,149.67,85
Pop Track 437,Urban Pulse,Pop,2025,178330,0.844,0.607,-8.36,0.097,0.092,0.295,0.825,111.06,82
Latin Track 438,Luna Ray,Latin,2022,183328,0.867,0.736,-8.4,0.01,0.131,0.013,0.225,129.97,52
R&B Track 439,Nova Lane,R&B,2025,160993,0.829,0.589,-8.11,0.212,0.228,0.06,0.595,126.45,69
Pop Track 440,Echo Bloom,Pop,2015,234813,0.776,0.671,-9.86,0.178,0.123,0.013,0.572,141.98,73
Pop Track 441,Aria Cole,Pop,2017,209338,0.395,0.783,-12.59,0.153,0.43,0.065,0.679,94.87,74
Classical Track 442,Maya Cruz,Classical,2019,242778,0.782,0.549,-3.74,0.102,0.155,0.083,0.58,100.45,72
Rock Track 443,The Midnight Waves,Rock,2024,170685,0.935,0.631,-4.41,0.1,0.302,0.122,0.884,108.11,71
Rock Track 444,The Paper Hearts,Rock,2025,243526,0.749,0.687,-4.88,0.202,0.388,0.079,0.507,95.98,55
Latin Track 445,The Midnight Waves,Latin,2023,221512,0.909,0.717,-6.36,0.089,0.213,0.012,0.699,136.7,79
Indie Track 446,Aria Cole,Indie,2020,190319,0.678,0.68,-6.99,0.324,0.238,0.006,0.367,136.93,55
Classical Track 447,The Midnight Waves,Classical,2023,287193,0.501,0.601,-9.58,0.268,0.311,0.106,0.554,148.21,46
R&B Track 448,Aria Cole,R&B,2018,220072,0.77,0.414,-9.26,0.165,0.404,0.161,0.629,118.5,89
Rock Track 449,Ava Stone,Rock,2021,191305,0.828,0.508,-3.13,0.363,0.271,0.388,0.656,110.9,62
Pop Track 450,Aria Cole,Pop,2022,227647,0.85,0.914,-2.45,0.56,0.538,0.12,0.586,99.27,62
Latin Track 451,Aria Cole,Latin,2017,172408,0.64,0.628,-8.05,0.048,0.278,0.137,0.381,153.29,72
EDM Track 452,The Silver Lines,EDM,2015,207045,0.943,0.852,-7.49,0.22,0.019,0.039,0.711,116.67,88
Hip-Hop Track 453,Aria Cole,Hip-Hop,2024,306309,0.666,0.271,-5.3,0.056,0.416,0.481,0.454,104.58,73
Indie Track 454,Jay Nova,Indie,2022,135368,0.676,0.678,-7.22,0.035,0.093,0.109,0.379,140.01,72
Pop Track 455,Maya Cruz,Pop,2020,191230,0.685,0.754,-6.99,0.04,0.249,0.129,0.102,113.86,72
Hip-Hop Track 456,Kai Rivers,Hip-Hop,2021,208358,0.308,0.768,-7.68,0.02,0.251,0.172,0.663,96.39,69
Pop Track 457,Nova Lane,Pop,2025,198512,0.94,0.452,-10.31,0.348,0.187,0.056,0.561,101.18,83
Hip-Hop Track 458,The Paper Hearts,Hip-Hop,2020,192471,0.704,0.556,-8.62,0.138,0.693,0.12,0.487,124.17,81
Pop Track 459,Luna Ray,Pop,2017,291196,0.614,0.751,-7.9,0.139,0.351,0.129,0.433,96.26,58
Pop Track 460,Maya Cruz,Pop,2021,190032,0.609,0.653,-15.06,0.101,0.19,0.559,0.553,119.95,63
Pop Track 461,Neon Echo,Pop,2023,232858,0.902,0.425,-7.24,0.121,0.5,0.128,0.473,101.25,76
EDM Track 462,Kai Rivers,EDM,2015,187435,0.798,0.445,-1.0,0.135,0.218,0.201,0.529,99.3,74
R&B Track 463,Ava Stone,R&B,2020,232963,0.732,0.774,-8.79,0.283,0.218,0.038,0.836,110.29,55
EDM Track 464,Ava Stone,EDM,2021,257105,0.877,0.754,-7.4,0.537,0.288,0.018,0.591,125.82,69
Classical Track 465,Zayn Carter,Classical,2021,211653,0.689,0.909,-10.02,0.146,0.119,0.263,0.221,129.67,62
Rock Track 466,Urban Pulse,Rock,2020,189268,0.831,0.322,-10.78,0.1,0.308,0.083,0.368,144.18,61
Rock Track 467,Aria Cole,Rock,2023,209442,0.705,0.692,-8.43,0.089,0.551,0.004,0.868,103.21,63
Indie Track 468,Maya Cruz,Indie,2025,239079,0.658,0.486,-5.61,0.02,0.314,0.089,0.637,155.4,85
Rock Track 469,Echo Bloom,Rock,2025,253991,0.726,0.835,-8.2,0.06,0.433,0.313,0.445,187.3,66
Classical Track 470,The Silver Lines,Classical,2023,226566,0.755,0.647,-8.62,0.059,0.309,0.062,0.179,111.92,57
Pop Track 471,The Midnight Waves,Pop,2022,211423,0.305,0.478,-6.01,0.105,0.614,0.043,0.605,79.59,62
Classical Track 472,Neon Echo,Classical,2024,272547,0.858,0.576,-6.9,0.173,0.318,0.047,0.629,80.2,62
Pop Track 473,Ava Stone,Pop,2024,186803,0.524,0.626,-6.66,0.053,0.255,0.158,0.749,110.08,71
Indie Track 474,The Paper Hearts,Indie,2024,196449,0.366,0.805,-3.93,0.104,0.291,0.132,0.82,105.34,42
Hip-Hop Track 475,Ava Stone,Hip-Hop,2018,295716,0.954,0.448,-4.31,0.314,0.149,0.03,0.681,122.12,66
Classical Track 476,Luna Ray,Classical,2015,210646,0.972,0.737,-3.01,0.132,0.158,0.171,0.646,134.2,64
Pop Track 477,Nova Lane,Pop,2025,244657,0.771,0.883,-11.14,0.329,0.243,0.132,0.335,91.13,82
EDM Track 478,Ava Stone,EDM,2025,175090,0.523,0.849,-4.93,0.026,0.392,0.088,0.421,117.88,66
Classical Track 479,Luna Ray,Classical,2022,260044,0.948,0.587,-2.56,0.142,0.469,0.06,0.537,109.86,52
Hip-Hop Track 480,Maya Cruz,Hip-Hop,2025,163222,0.756,0.561,-12.4,0.151,0.444,0.291,0.296,170.85,75
EDM Track 481,Maya Cruz,EDM,2024,159878,0.84,0.591,-7.56,0.121,0.243,0.271,0.556,88.84,86
R&B Track 482,The Silver Lines,R&B,2022,255161,0.834,0.742,-9.13,0.39,0.663,0.101,0.829,103.79,55
Hip-Hop Track 483,Urban Pulse,Hip-Hop,2020,198736,0.724,0.373,-7.57,0.177,0.098,0.063,0.235,,68
EDM Track 484,Zayn Carter,EDM,2022,204093,0.451,0.829,-4.06,0.014,0.148,0.085,0.875,103.95,47
EDM Track 485,Kai Rivers,EDM,2022,234377,0.79,0.432,-11.69,0.289,0.494,0.177,0.382,149.19,61
Indie Track 486,Ava Stone,Indie,2025,201947,0.854,0.842,-6.77,0.072,0.269,0.023,0.385,97.52,87
Pop Track 487,The Paper Hearts,Pop,2022,167853,0.842,0.74,-9.19,0.167,0.171,0.079,0.783,100.02,79
Rock Track 488,Ava Stone,Rock,2024,189444,0.352,0.599,-3.97,0.087,0.294,0.192,0.821,151.26,49
Classical Track 489,Zayn Carter,Classical,2024,171134,0.891,0.436,-6.24,0.164,0.413,0.062,0.776,93.42,45
Indie Track 490,Mila Rose,Indie,2016,267261,0.501,0.774,-7.97,0.05,0.132,0.104,0.564,142.03,54
Hip-Hop Track 491,The Paper Hearts,Hip-Hop,2016,269257,0.481,0.558,-9.65,0.368,0.441,0.222,0.861,111.14,59
EDM Track 492,Jay Nova,EDM,2023,177168,0.544,0.859,-1.0,0.029,0.465,0.292,0.841,107.16,54
Rock Track 493,Aria Cole,Rock,2019,234595,0.479,0.528,-6.66,0.153,0.414,0.33,0.107,109.81,59
Pop Track 494,Kai Rivers,Pop,2023,202734,0.512,0.821,-11.76,0.293,0.332,0.015,0.645,95.11,76
Hip-Hop Track 495,Jay Nova,Hip-Hop,2017,280674,0.695,0.677,-9.93,0.166,0.528,0.089,0.412,143.77,64
Rock Track 496,Mila Rose,Rock,2021,321625,0.814,0.724,-6.26,0.216,0.551,0.209,0.387,125.27,86
EDM Track 497,Mila Rose,EDM,2017,247930,0.677,0.557,-9.69,0.076,0.475,0.168,0.628,143.38,62
Pop Track 498,Zayn Carter,Pop,2019,191882,0.606,0.633,-9.32,0.269,0.242,0.291,0.816,150.23,84
Classical Track 499,Ava Stone,Classical,2016,162849,0.686,0.486,-4.54,0.039,0.386,0.016,0.709,134.98,42
Classical Track 500,Zayn Carter,Classical,2025,226014,0.855,0.418,-4.81,0.056,0.43,0.157,0.732,87.13,61
R&B Track 501,Zayn Carter,R&B,2021,207984,,0.696,-9.21,0.413,0.468,0.157,0.618,98.74,72
EDM Track 502,Mila Rose,EDM,2025,150090,0.523,0.879,-3.99,0.144,0.653,0.053,0.408,142.42,59
Rock Track 503,Kai Rivers,Rock,2025,218572,0.577,0.259,-9.63,0.111,0.335,0.43,0.466,123.33,58
Latin Track 504,Jay Nova,Latin,2025,310056,0.66,0.668,-2.42,0.375,0.157,0.039,0.514,137.61,64
R&B Track 505,The Midnight Waves,R&B,2021,251257,0.427,0.456,-5.89,0.184,0.108,0.024,0.413,119.87,59
Pop Track 506,Ava Stone,Pop,2024,162719,0.82,0.756,-6.63,0.231,0.505,0.148,0.415,111.69,70
Indie Track 507,Mila Rose,Indie,2018,214171,0.916,0.792,-8.65,0.025,0.212,0.035,0.648,137.64,56
Latin Track 508,Jay Nova,Latin,2017,231806,0.875,0.827,-9.33,0.082,0.321,0.188,0.437,80.54,78
Indie Track 509,Urban Pulse,Indie,2025,237159,0.835,0.669,-14.48,0.078,0.6,0.061,0.557,114.33,67
R&B Track 510,The Midnight Waves,R&B,2015,141369,0.851,0.459,-8.38,0.124,0.061,0.091,0.522,123.6,66
EDM Track 511,The Midnight Waves,EDM,2025,209720,0.699,0.634,-7.53,0.045,0.398,0.113,0.562,127.01,71
Hip-Hop Track 512,Maya Cruz,Hip-Hop,2023,226746,0.379,0.687,-12.98,0.206,0.78,0.116,0.73,90.93,52
Indie Track 513,The Silver Lines,Indie,2021,206605,0.967,0.536,-5.03,0.051,0.179,0.099,0.602,91.93,56
Indie Track 514,Ava Stone,Indie,2017,128195,0.704,0.646,-7.98,0.027,0.42,0.078,0.709,112.56,59
Pop Track 515,The Midnight Waves,Pop,2024,208176,0.773,0.548,-3.86,0.12,0.737,0.148,0.703,120.49,77
Pop Track 516,Mila Rose,Pop,2022,250286,0.646,0.534,-9.55,0.246,0.214,0.168,0.193,159.32,66
Rock Track 517,Maya Cruz,Rock,2023,189261,0.594,0.741,-3.79,0.122,0.082,0.129,0.281,100.93,62
Latin Track 518,Jay Nova,Latin,2021,193853,0.834,0.409,-8.85,0.153,0.313,0.082,0.765,110.16,73
Classical Track 519,Urban Pulse,Classical,2016,277902,0.684,0.776,-7.65,0.036,0.29,0.245,0.636,160.2,50
Pop Track 520,Luna Ray,Pop,2020,206008,0.827,0.673,-6.85,0.559,0.063,0.262,0.274,147.54,63
EDM Track 521,Ava Stone,EDM,2020,220036,0.954,0.752,-7.62,0.138,0.288,0.211,0.193,95.26,70
Hip-Hop Track 522,Kai Rivers,Hip-Hop,2015,131100,0.982,0.514,-6.59,0.1,0.179,0.173,0.706,138.21,68
Classical Track 523,Zayn Carter,Classical,2015,167621,0.76,0.567,-13.27,0.165,0.382,0.282,0.421,141.98,41
Latin Track 524,The Paper Hearts,Latin,2020,313536,0.873,0.748,-7.92,0.207,0.284,0.036,0.21,126.7,80
Latin Track 525,The Paper Hearts,Latin,2024,289498,0.679,0.647,-7.74,0.219,0.473,0.079,0.287,93.84,87
Hip-Hop Track 526,Jay Nova,Hip-Hop,2023,236279,0.814,0.928,-13.46,0.099,0.554,0.07,0.562,107.71,57
Hip-Hop Track 527,Echo Bloom,Hip-Hop,2019,112092,0.75,0.626,-5.57,0.203,0.156,0.243,0.44,106.93,69
Rock Track 528,Echo Bloom,Rock,2023,155075,0.784,0.866,-10.23,0.395,0.542,0.306,0.572,134.69,69
Pop Track 529,Jay Nova,Pop,2023,153868,0.72,0.807,-4.67,0.232,0.501,0.091,0.704,111.69,58
Indie Track 530,Mila Rose,Indie,2022,153211,0.827,0.635,-7.24,0.062,0.34,0.175,0.554,115.64,63
Latin Track 531,The Midnight Waves,Latin,2022,197629,0.397,0.772,-9.22,0.052,0.274,0.087,0.77,107.55,65
Classical Track 532,The Silver Lines,Classical,2020,250133,0.413,0.775,-4.49,0.009,0.323,0.087,0.291,84.6,57
Classical Track 533,Ava Stone,Classical,2017,186564,0.681,0.72,-2.51,0.085,0.368,0.012,0.322,184.28,49
EDM Track 534,The Paper Hearts,EDM,2020,201030,0.874,0.681,-7.38,0.18,0.255,0.416,0.68,131.67,69
Latin Track 535,The Paper Hearts,Latin,2020,201176,0.478,0.716,-3.38,0.184,0.52,0.31,0.435,157.33,74
Indie Track 536,The Silver Lines,Indie,2022,255645,0.968,0.656,-8.03,0.229,0.268,0.221,0.654,95.23,73
Latin Track 537,The Midnight Waves,Latin,2025,255194,0.697,0.405,-4.61,0.084,0.391,0.097,0.414,158.45,72
Rock Track 538,The Paper Hearts,Rock,2020,222290,0.874,0.771,-8.6,0.09,0.198,0.002,0.889,112.48,57
Hip-Hop Track 539,Zayn Carter,Hip-Hop,2023,272530,0.984,0.841,-2.02,0.221,0.333,0.005,0.602,134.73,74
Pop Track 540,Kai Rivers,Pop,2024,197771,0.527,0.712,-4.27,0.302,0.233,0.037,0.658,145.8,88
Classical Track 541,Ava Stone,Classical,2018,293612,0.578,0.784,-6.09,0.089,0.219,0.166,0.641,158.26,58
EDM Track 542,Nova Lane,EDM,2025,187727,0.521,0.858,-15.1,0.136,0.152,0.075,0.674,120.89,69
Rock Track 543,The Paper Hearts,Rock,2016,126435,0.686,0.74,-6.15,0.093,0.319,0.049,0.592,97.9,67
R&B Track 544,Jay Nova,R&B,2025,158169,0.581,0.774,-11.2,0.464,0.31,0.058,0.654,121.65,83
EDM Track 545,Kai Rivers,EDM,2018,154169,,0.65,-6.44,0.011,0.148,0.126,0.365,136.19,61
Rock Track 546,The Paper Hearts,Rock,2020,181691,0.642,0.823,-3.67,0.208,0.223,0.066,0.402,109.14,75
Pop Track 547,Aria Cole,Pop,2023,265788,0.918,0.592,-5.43,0.05,0.12,0.055,0.299,111.85,78
R&B Track 548,Urban Pulse,R&B,2025,194789,0.661,0.819,-4.92,0.196,0.23,0.231,0.3,84.84,56
Hip-Hop Track 549,Zayn Carter,Hip-Hop,2019,154025,0.641,0.945,-8.62,0.011,0.315,0.128,0.785,98.52,73
Latin Track 550,Kai Rivers,Latin,2024,149471,0.407,0.637,-12.07,0.054,0.311,0.049,0.497,132.66,53
Hip-Hop Track 551,Maya Cruz,Hip-Hop,2023,212411,0.725,0.811,-9.81,0.093,0.372,0.024,0.858,143.17,62
Latin Track 552,Nova Lane,Latin,2018,283613,0.687,0.685,-8.49,0.251,0.302,0.335,0.515,148.44,81
EDM Track 553,Urban Pulse,EDM,2021,224947,0.717,0.928,-7.54,0.124,0.247,0.156,0.267,176.62,60
EDM Track 554,Neon Echo,EDM,2021,257475,0.83,0.94,-3.69,0.317,0.028,0.099,0.426,157.72,87
Indie Track 555,Jay Nova,Indie,2020,233082,0.651,0.586,-5.31,0.099,0.476,0.063,0.417,118.35,51
Hip-Hop Track 556,Jay Nova,Hip-Hop,2024,146308,0.791,0.775,-1.0,0.154,0.353,0.058,0.261,99.54,87
Pop Track 557,Ava Stone,Pop,2025,242061,0.682,0.803,-10.5,0.271,0.23,0.023,0.578,115.85,70
Pop Track 558,The Silver Lines,Pop,2023,163744,0.822,0.392,-4.01,0.146,0.374,0.387,0.442,108.77,73
R&B Track 559,Urban Pulse,R&B,2025,196245,0.788,0.308,-4.87,0.096,0.461,0.175,0.274,125.98,56
EDM Track 560,Kai Rivers,EDM,2016,182479,0.658,0.867,-7.85,0.117,0.397,0.214,0.66,143.38,50
R&B Track 561,The Midnight Waves,R&B,2015,210338,0.807,0.7,-10.38,0.255,0.355,0.257,0.293,133.51,50
Pop Track 562,Jay Nova,Pop,2025,203812,0.265,0.552,-9.35,0.175,0.631,0.013,0.596,159.82,40
Pop Track 563,Kai Rivers,Pop,2025,197871,0.894,0.81,-9.49,0.005,0.238,0.27,0.413,131.49,79
Pop Track 564,Mila Rose,Pop,2017,202586,0.653,0.625,-2.37,0.034,0.388,0.193,0.42,91.39,70
Rock Track 565,Kai Rivers,Rock,2020,227047,0.787,0.598,-5.02,0.253,0.4,0.004,0.611,108.32,73
EDM Track 566,Mila Rose,EDM,2024,202583,0.655,0.991,-4.9,0.206,0.556,0.077,0.843,131.66,68
Hip-Hop Track 567,Aria Cole,Hip-Hop,2017,207233,0.646,0.471,-7.24,0.176,0.149,0.005,0.381,127.49,46
Hip-Hop Track 568,Luna Ray,Hip-Hop,2019,304648,0.384,0.61,-8.19,0.052,0.378,0.017,0.307,153.4,75
Indie Track 569,Luna Ray,Indie,2023,261780,0.877,0.585,-6.49,0.301,0.454,0.135,0.542,122.17,74
Rock Track 570,Neon Echo,Rock,2025,192569,0.782,0.453,-7.19,0.059,0.294,0.026,0.106,117.77,65
Hip-Hop Track 571,Maya Cruz,Hip-Hop,2024,219801,0.763,0.539,-7.79,0.023,0.39,0.09,0.715,84.22,82
Latin Track 572,Neon Echo,Latin,2024,216279,0.937,0.722,-6.4,0.015,0.111,0.248,0.26,102.64,73
Hip-Hop Track 573,Mila Rose,Hip-Hop,2020,218598,0.6,0.349,-10.7,0.136,0.556,0.172,0.5,129.41,64
EDM Track 574,Urban Pulse,EDM,2023,214058,0.66,0.656,-6.7,0.137,0.233,0.018,0.664,127.03,64
Indie Track 575,The Paper Hearts,Indie,2017,218924,0.991,0.443,-7.83,0.047,0.536,0.216,0.884,136.28,55
Indie Track 576,The Midnight Waves,Indie,2025,203670,0.774,0.726,-9.64,0.154,0.376,0.114,0.537,132.81,48
Pop Track 577,The Paper Hearts,Pop,2021,187345,0.82,0.359,-5.58,0.184,0.385,0.49,0.623,119.28,63
Indie Track 578,Echo Bloom,Indie,2023,197547,0.603,0.289,-2.11,0.053,0.296,0.179,0.855,97.96,87
Hip-Hop Track 579,The Paper Hearts,Hip-Hop,2025,136880,0.497,0.327,-3.67,0.187,0.434,0.184,0.503,122.01,47
Rock Track 580,Ava Stone,Rock,2015,246278,0.762,0.887,-8.35,0.059,0.19,0.04,0.518,120.94,62
Hip-Hop Track 581,The Paper Hearts,Hip-Hop,2025,236694,0.91,0.534,-5.51,0.119,0.739,0.384,0.277,154.92,68
Classical Track 582,Neon Echo,Classical,2020,305522,0.852,0.865,-4.97,0.303,0.146,0.207,0.537,153.88,89
Hip-Hop Track 583,Jay Nova,Hip-Hop,2020,161202,0.574,0.849,-7.14,0.26,0.649,0.151,0.641,110.51,58
Rock Track 584,Zayn Carter,Rock,2017,196839,0.487,0.802,-7.57,0.01,0.16,0.038,0.723,107.07,61
EDM Track 585,Jay Nova,EDM,2025,267514,0.653,0.657,-6.47,0.434,0.673,0.071,0.562,89.51,73
Rock Track 586,Luna Ray,Rock,2025,231150,0.859,0.786,-1.0,0.035,0.021,0.075,0.312,118.04,80
Pop Track 587,Zayn Carter,Pop,2015,288419,0.539,0.65,-6.73,0.134,0.361,0.066,0.582,110.62,62
Pop Track 588,The Silver Lines,Pop,2016,281432,0.553,0.762,-11.3,0.074,0.307,0.006,0.412,184.58,60
Pop Track 589,The Midnight Waves,Pop,2025,105654,0.482,0.853,-10.64,0.041,0.508,0.18,0.231,95.23,70
Pop Track 590,The Midnight Waves,Pop,2017,226582,0.788,0.453,-8.01,0.018,0.055,0.079,0.508,123.41,70
Pop Track 591,Ava Stone,Pop,2023,226819,0.633,0.603,-11.24,0.064,0.066,0.128,0.725,106.57,76
EDM Track 592,Urban Pulse,EDM,2023,213973,0.884,0.527,-7.9,0.039,0.492,0.087,0.663,122.59,69
Pop Track 593,Neon Echo,Pop,2025,195449,0.589,0.842,-1.0,0.067,0.266,0.163,0.656,114.0,79
Rock Track 594,Luna Ray,Rock,2022,285294,0.65,0.886,-9.03,0.082,0.382,0.042,0.165,141.48,69
Indie Track 595,Aria Cole,Indie,2021,213784,0.629,0.731,-10.76,0.04,0.418,0.113,0.532,132.57,41
Hip-Hop Track 596,Echo Bloom,Hip-Hop,2025,90000,0.806,0.585,-8.12,0.281,0.347,0.398,0.456,140.67,66
R&B Track 597,Urban Pulse,R&B,2019,195085,0.769,0.642,-7.81,0.104,0.545,0.223,0.643,103.95,71
Pop Track 598,The Midnight Waves,Pop,2019,308203,0.769,0.717,-10.47,0.488,0.51,0.169,0.479,147.9,79
Pop Track 599,Jay Nova,Pop,2016,164733,,0.597,-11.22,0.459,0.74,0.148,0.143,110.44,57
Pop Track 600,The Paper Hearts,Pop,2025,269789,0.743,0.516,-3.43,0.168,0.385,0.185,0.488,88.25,52
